Platform	Language	Article_Title	Post_Text	Hashtags	UTM_Link	Best_Time_To_Post	Image_Suggestion
Instagram	EN	Korean PDRN Salmon Injection Guide 2025	ğŸ“ Korean PDRN Salmon Injection Complete Guide 2025

âœ¨ Skin rejuvenation without surgery
ğŸ’° Price: $200-$500 per session
â±ï¸ 30-minute procedure
ğŸ¥ Best Seoul clinics reviewed

ğŸ‘‰ Link in bio for full guide

#KoreanBeauty #PDRN #SalmonDNA #SeoulSkincare #AntiAging #KBeauty #MedicalTourism #SeoulClinic #SkinRejuvenation #GangnamBeauty	#KoreanBeauty #PDRN #SalmonDNA #SeoulSkincare #AntiAging #KBeauty #MedicalTourism #SeoulClinic #SkinRejuvenation #GangnamBeauty #KoreanSkincare #BeautyTourism #PDRNTreatment #SalmonInjection #SeoulMedical	https://seoulzen.com/blog/korean-pdrn-salmon-injection-guide-2025.html?utm_source=instagram&utm_medium=social&utm_campaign=batch4_promo&utm_content=korean-pdrn-salmon-injection-guide-2025&utm_term=en	Mon-Fri 10AM, 2PM, 6PM KST	korean-pdrn-salmon-injection-guide-2025-instagram.jpg
Instagram	JP	éŸ“å›½PDRNã‚µãƒ¼ãƒ¢ãƒ³æ³¨å°„ã‚¬ã‚¤ãƒ‰2025	ğŸ“ éŸ“å›½PDRNã‚µãƒ¼ãƒ¢ãƒ³æ³¨å°„å®Œå…¨ã‚¬ã‚¤ãƒ‰2025

âœ¨ æ‰‹è¡“ãªã—ã®è‚Œå†ç”Ÿ
ğŸ’° ä¾¡æ ¼ï¼š1å›$200-$500
â±ï¸ 30åˆ†æ–½è¡“
ğŸ¥ ã‚½ã‚¦ãƒ«ãŠã™ã™ã‚ã‚¯ãƒªãƒ‹ãƒƒã‚¯

ğŸ‘‰ ãƒ—ãƒ­ãƒ•ã‚£ãƒ¼ãƒ«ã®ãƒªãƒ³ã‚¯ã‹ã‚‰å…¨æ–‡ã‚’

#éŸ“å›½ç¾å®¹ #PDRN #ã‚µãƒ¼ãƒ¢ãƒ³æ³¨å°„ #ã‚½ã‚¦ãƒ«ã‚¹ã‚­ãƒ³ã‚±ã‚¢ #ã‚¢ãƒ³ãƒã‚¨ã‚¤ã‚¸ãƒ³ã‚° #Kãƒ“ãƒ¥ãƒ¼ãƒ†ã‚£ãƒ¼ #åŒ»ç™‚è¦³å…‰ #ã‚½ã‚¦ãƒ«ã‚¯ãƒªãƒ‹ãƒƒã‚¯ #è‚Œå†ç”Ÿ #æ±Ÿå—ç¾å®¹	#KoreanBeauty #PDRN #SalmonDNA #SeoulSkincare #AntiAging #KBeauty #MedicalTourism #SeoulClinic #SkinRejuvenation #GangnamBeauty #KoreanSkincare #BeautyTourism #PDRNTreatment #SalmonInjection #SeoulMedical	https://seoulzen.com/blog/korean-pdrn-salmon-injection-guide-2025-japanese.html?utm_source=instagram&utm_medium=social&utm_campaign=batch4_promo&utm_content=korean-pdrn-salmon-injection-guide-2025&utm_term=jp	Mon-Fri 10AM, 2PM, 6PM KST	korean-pdrn-salmon-injection-guide-2025-instagram.jpg
Twitter	EN	Korean PDRN Salmon Injection Guide 2025	ğŸ‡°ğŸ‡· PDRN Salmon Injection in Seoul

âœ… Natural skin regeneration
âœ… $200-$500 per session
âœ… No downtime
âœ… Long-lasting results

Complete guide with clinic recommendations ğŸ‘‡

#KoreanBeauty #PDRN #Seoul	#KoreanBeauty #PDRN #Seoul #Skincare #AntiAging	https://seoulzen.com/blog/korean-pdrn-salmon-injection-guide-2025.html?utm_source=twitter&utm_medium=social&utm_campaign=batch4_promo&utm_content=korean-pdrn-salmon-injection-guide-2025&utm_term=en	Mon-Fri 12PM, 4PM, 8PM KST	korean-pdrn-salmon-injection-guide-2025-twitter.jpg
Twitter	JP	éŸ“å›½PDRNã‚µãƒ¼ãƒ¢ãƒ³æ³¨å°„ã‚¬ã‚¤ãƒ‰2025	ğŸ‡°ğŸ‡· ã‚½ã‚¦ãƒ«PDRNã‚µãƒ¼ãƒ¢ãƒ³æ³¨å°„

âœ… è‡ªç„¶ãªè‚Œå†ç”Ÿ
âœ… 1å›$200-$500
âœ… ãƒ€ã‚¦ãƒ³ã‚¿ã‚¤ãƒ ãªã—
âœ… é•·æŒã¡ã™ã‚‹åŠ¹æœ

ã‚¯ãƒªãƒ‹ãƒƒã‚¯æ¨è–¦ä»˜ãå®Œå…¨ã‚¬ã‚¤ãƒ‰ğŸ‘‡

#éŸ“å›½ç¾å®¹ #PDRN #ã‚½ã‚¦ãƒ«	#KoreanBeauty #PDRN #Seoul #Skincare #AntiAging	https://seoulzen.com/blog/korean-pdrn-salmon-injection-guide-2025-japanese.html?utm_source=twitter&utm_medium=social&utm_campaign=batch4_promo&utm_content=korean-pdrn-salmon-injection-guide-2025&utm_term=jp	Mon-Fri 12PM, 4PM, 8PM KST	korean-pdrn-salmon-injection-guide-2025-twitter.jpg
Pinterest	EN	Korean PDRN Salmon Injection Guide 2025	Complete guide to Korean PDRN Salmon Injection Guide 2025. Prices, best Seoul clinics, procedure details, recovery timeline & booking tips. #KoreanBeauty #Seoul	#KoreanBeauty #PDRN #SalmonDNA #SeoulSkincare #AntiAging #KBeauty #MedicalTourism #BeautyGuide #PDRNTreatment #SalmonInjection #KoreanMedicine #SeoulTravel #BeautyTips #SkincareRoutine #NaturalBeauty	https://seoulzen.com/blog/korean-pdrn-salmon-injection-guide-2025.html?utm_source=pinterest&utm_medium=social&utm_campaign=batch4_promo&utm_content=korean-pdrn-salmon-injection-guide-2025&utm_term=en	Daily 8AM, 2PM, 8PM KST	korean-pdrn-salmon-injection-guide-2025-pinterest.jpg
Pinterest	JP	éŸ“å›½PDRNã‚µãƒ¼ãƒ¢ãƒ³æ³¨å°„ã‚¬ã‚¤ãƒ‰2025	éŸ“å›½PDRNã‚µãƒ¼ãƒ¢ãƒ³æ³¨å°„ã‚¬ã‚¤ãƒ‰2025ã®å®Œå…¨ã‚¬ã‚¤ãƒ‰ã€‚ä¾¡æ ¼ã€ã‚½ã‚¦ãƒ«ãŠã™ã™ã‚ã‚¯ãƒªãƒ‹ãƒƒã‚¯ã€æ–½è¡“è©³ç´°ã€å›å¾©æœŸé–“ã€äºˆç´„ã®ã‚³ãƒ„ã€‚#éŸ“å›½ç¾å®¹ #ã‚½ã‚¦ãƒ«	#KoreanBeauty #PDRN #SalmonDNA #SeoulSkincare #AntiAging #KBeauty #MedicalTourism #BeautyGuide #PDRNTreatment #SalmonInjection #KoreanMedicine #SeoulTravel #BeautyTips #SkincareRoutine #NaturalBeauty	https://seoulzen.com/blog/korean-pdrn-salmon-injection-guide-2025-japanese.html?utm_source=pinterest&utm_medium=social&utm_campaign=batch4_promo&utm_content=korean-pdrn-salmon-injection-guide-2025&utm_term=jp	Daily 8AM, 2PM, 8PM KST	korean-pdrn-salmon-injection-guide-2025-pinterest.jpg
Instagram	EN	Korean Thread Lift (Non-Surgical Facelift) Guide 2025	ğŸ“ Korean Thread Lift Complete Guide 2025

âœ¨ Non-surgical facelift in Seoul
ğŸ’° Price: $1,500-$3,500
â±ï¸ 1-2 hours, instant results
ğŸ¥ PDO & MINT threads explained

ğŸ‘‰ Full guide link in bio

#ThreadLift #KoreanPlasticSurgery #VLine #NonSurgicalFacelift #SeoulBeauty #GangnamClinic #PDOThreads #AntiAging #KBeauty #FaceLift	#ThreadLift #KoreanPlasticSurgery #VLine #NonSurgicalFacelift #SeoulBeauty #GangnamClinic #PDOThreads #AntiAging #KBeauty #FaceLift #KoreanBeauty #MedicalTourism #PlasticSurgery #BeautyClinic #SeoulClinic	https://seoulzen.com/blog/korean-thread-lift-non-surgical-facelift-guide-2025.html?utm_source=instagram&utm_medium=social&utm_campaign=batch4_promo&utm_content=korean-thread-lift-non-surgical-facelift-guide-2025&utm_term=en	Mon-Fri 10AM, 2PM, 6PM KST	korean-thread-lift-non-surgical-facelift-guide-2025-instagram.jpg
Instagram	JP	éŸ“å›½ã‚¹ãƒ¬ãƒƒãƒ‰ãƒªãƒ•ãƒˆï¼ˆéæ‰‹è¡“ãƒ•ã‚§ã‚¤ã‚¹ãƒªãƒ•ãƒˆï¼‰ã‚¬ã‚¤ãƒ‰2025	ğŸ“ éŸ“å›½ã‚¹ãƒ¬ãƒƒãƒ‰ãƒªãƒ•ãƒˆå®Œå…¨ã‚¬ã‚¤ãƒ‰2025

âœ¨ ã‚½ã‚¦ãƒ«ã®éæ‰‹è¡“ãƒ•ã‚§ã‚¤ã‚¹ãƒªãƒ•ãƒˆ
ğŸ’° ä¾¡æ ¼ï¼š$1,500-$3,500
â±ï¸ 1-2æ™‚é–“ã€å³åŠ¹æœ
ğŸ¥ PDO & MINTã‚¹ãƒ¬ãƒƒãƒ‰è§£èª¬

ğŸ‘‰ ãƒ—ãƒ­ãƒ•ã‚£ãƒ¼ãƒ«ãƒªãƒ³ã‚¯ã§å…¨æ–‡

#ã‚¹ãƒ¬ãƒƒãƒ‰ãƒªãƒ•ãƒˆ #éŸ“å›½æ•´å½¢ #Vãƒ©ã‚¤ãƒ³ #éæ‰‹è¡“ãƒ•ã‚§ã‚¤ã‚¹ãƒªãƒ•ãƒˆ #ã‚½ã‚¦ãƒ«ç¾å®¹ #æ±Ÿå—ã‚¯ãƒªãƒ‹ãƒƒã‚¯ #PDOã‚¹ãƒ¬ãƒƒãƒ‰ #ã‚¢ãƒ³ãƒã‚¨ã‚¤ã‚¸ãƒ³ã‚° #Kãƒ“ãƒ¥ãƒ¼ãƒ†ã‚£ãƒ¼ #ãƒ•ã‚§ã‚¤ã‚¹ãƒªãƒ•ãƒˆ	#ThreadLift #KoreanPlasticSurgery #VLine #NonSurgicalFacelift #SeoulBeauty #GangnamClinic #PDOThreads #AntiAging #KBeauty #FaceLift #KoreanBeauty #MedicalTourism #PlasticSurgery #BeautyClinic #SeoulClinic	https://seoulzen.com/blog/korean-thread-lift-non-surgical-facelift-guide-2025-japanese.html?utm_source=instagram&utm_medium=social&utm_campaign=batch4_promo&utm_content=korean-thread-lift-non-surgical-facelift-guide-2025&utm_term=jp	Mon-Fri 10AM, 2PM, 6PM KST	korean-thread-lift-non-surgical-facelift-guide-2025-instagram.jpg
Twitter	EN	Korean Thread Lift (Non-Surgical Facelift) Guide 2025	ğŸ‡°ğŸ‡· Korean Thread Lift Guide 2025

âœ… Non-surgical facelift
âœ… $1,500-$3,500
âœ… PDO/MINT threads
âœ… Instant V-line results
âœ… Minimal downtime

Best clinics & prices ğŸ‘‡

#ThreadLift #KoreanBeauty #Seoul	#ThreadLift #KoreanBeauty #Seoul #PlasticSurgery #VLine	https://seoulzen.com/blog/korean-thread-lift-non-surgical-facelift-guide-2025.html?utm_source=twitter&utm_medium=social&utm_campaign=batch4_promo&utm_content=korean-thread-lift-non-surgical-facelift-guide-2025&utm_term=en	Mon-Fri 12PM, 4PM, 8PM KST	korean-thread-lift-non-surgical-facelift-guide-2025-twitter.jpg
Twitter	JP	éŸ“å›½ã‚¹ãƒ¬ãƒƒãƒ‰ãƒªãƒ•ãƒˆï¼ˆéæ‰‹è¡“ãƒ•ã‚§ã‚¤ã‚¹ãƒªãƒ•ãƒˆï¼‰ã‚¬ã‚¤ãƒ‰2025	ğŸ‡°ğŸ‡· éŸ“å›½ã‚¹ãƒ¬ãƒƒãƒ‰ãƒªãƒ•ãƒˆã‚¬ã‚¤ãƒ‰2025

âœ… éæ‰‹è¡“ãƒ•ã‚§ã‚¤ã‚¹ãƒªãƒ•ãƒˆ
âœ… $1,500-$3,500
âœ… PDO/MINTã‚¹ãƒ¬ãƒƒãƒ‰
âœ… å³Vãƒ©ã‚¤ãƒ³åŠ¹æœ
âœ… ãƒ€ã‚¦ãƒ³ã‚¿ã‚¤ãƒ å°‘ãªã„

ãŠã™ã™ã‚ã‚¯ãƒªãƒ‹ãƒƒã‚¯&ä¾¡æ ¼ğŸ‘‡

#ã‚¹ãƒ¬ãƒƒãƒ‰ãƒªãƒ•ãƒˆ #éŸ“å›½ç¾å®¹ #ã‚½ã‚¦ãƒ«	#ThreadLift #KoreanBeauty #Seoul #PlasticSurgery #VLine	https://seoulzen.com/blog/korean-thread-lift-non-surgical-facelift-guide-2025-japanese.html?utm_source=twitter&utm_medium=social&utm_campaign=batch4_promo&utm_content=korean-thread-lift-non-surgical-facelift-guide-2025&utm_term=jp	Mon-Fri 12PM, 4PM, 8PM KST	korean-thread-lift-non-surgical-facelift-guide-2025-twitter.jpg
Pinterest	EN	Korean Thread Lift (Non-Surgical Facelift) Guide 2025	Complete guide to Korean Thread Lift (Non-Surgical Facelift) Guide 2025. Prices, best Seoul clinics, procedure details, recovery timeline & booking tips. #KoreanBeauty #Seoul	#ThreadLift #KoreanPlasticSurgery #VLine #NonSurgicalFacelift #SeoulBeauty #GangnamClinic #PDOThreads #AntiAging #KBeauty #FaceLift #MedicalTourism #BeautyTreatment #KoreanMedicine #SeoulTravel #BeautyGuide	https://seoulzen.com/blog/korean-thread-lift-non-surgical-facelift-guide-2025.html?utm_source=pinterest&utm_medium=social&utm_campaign=batch4_promo&utm_content=korean-thread-lift-non-surgical-facelift-guide-2025&utm_term=en	Daily 8AM, 2PM, 8PM KST	korean-thread-lift-non-surgical-facelift-guide-2025-pinterest.jpg
Pinterest	JP	éŸ“å›½ã‚¹ãƒ¬ãƒƒãƒ‰ãƒªãƒ•ãƒˆï¼ˆéæ‰‹è¡“ãƒ•ã‚§ã‚¤ã‚¹ãƒªãƒ•ãƒˆï¼‰ã‚¬ã‚¤ãƒ‰2025	éŸ“å›½ã‚¹ãƒ¬ãƒƒãƒ‰ãƒªãƒ•ãƒˆï¼ˆéæ‰‹è¡“ãƒ•ã‚§ã‚¤ã‚¹ãƒªãƒ•ãƒˆï¼‰ã‚¬ã‚¤ãƒ‰2025ã®å®Œå…¨ã‚¬ã‚¤ãƒ‰ã€‚ä¾¡æ ¼ã€ã‚½ã‚¦ãƒ«ãŠã™ã™ã‚ã‚¯ãƒªãƒ‹ãƒƒã‚¯ã€æ–½è¡“è©³ç´°ã€å›å¾©æœŸé–“ã€äºˆç´„ã®ã‚³ãƒ„ã€‚#éŸ“å›½ç¾å®¹ #ã‚½ã‚¦ãƒ«	#ThreadLift #KoreanPlasticSurgery #VLine #NonSurgicalFacelift #SeoulBeauty #GangnamClinic #PDOThreads #AntiAging #KBeauty #FaceLift #MedicalTourism #BeautyTreatment #KoreanMedicine #SeoulTravel #BeautyGuide	https://seoulzen.com/blog/korean-thread-lift-non-surgical-facelift-guide-2025-japanese.html?utm_source=pinterest&utm_medium=social&utm_campaign=batch4_promo&utm_content=korean-thread-lift-non-surgical-facelift-guide-2025&utm_term=jp	Daily 8AM, 2PM, 8PM KST	korean-thread-lift-non-surgical-facelift-guide-2025-pinterest.jpg